City,SKU Name,SKU Code,EAN,SKU Category,SKU Sub Category,Brand Name,Manufacturer Name,Manufacturer ID,Units
Kochi,Nourish You Plant Protein - Chocolate 500.0 GRAM,96bab3c6-8143-449b-93a3-8774d59ac430,8908022410710,Protein & Nutrition,Plant & Vegan Protein,Nourish You,Nutrivative Foods Pvt Ltd,b5e206a7-39f2-49ce-b787-e107e9d8f8af,5
Hyderabad,Nourish You Plant Protein - Chocolate 500.0 GRAM,96bab3c6-8143-449b-93a3-8774d59ac430,8908022410710,Protein & Nutrition,Plant & Vegan Protein,Nourish You,Nutrivative Foods Pvt Ltd,b5e206a7-39f2-49ce-b787-e107e9d8f8af,38
Jaipur,Nourish You Plant Protein - Chocolate 500.0 GRAM,96bab3c6-8143-449b-93a3-8774d59ac430,8908022410710,Protein & Nutrition,Plant & Vegan Protein,Nourish You,Nutrivative Foods Pvt Ltd,b5e206a7-39f2-49ce-b787-e107e9d8f8af,2
Lucknow,Nourish You Plant Protein - Chocolate 500.0 GRAM,96bab3c6-8143-449b-93a3-8774d59ac430,8908022410710,Protein & Nutrition,Plant & Vegan Protein,Nourish You,Nutrivative Foods Pvt Ltd,b5e206a7-39f2-49ce-b787-e107e9d8f8af,9
Gurugram,Nourish You Plant Protein - Chocolate 500.0 GRAM,96bab3c6-8143-449b-93a3-8774d59ac430,8908022410710,Protein & Nutrition,Plant & Vegan Protein,Nourish You,Nutrivative Foods Pvt Ltd,b5e206a7-39f2-49ce-b787-e107e9d8f8af,11
Bengaluru,"Nourish You Jumbo Rolled Oats - Gluten free , Breakfast Cereal Jar 1.0 KILOGRAM",8b81cda2-1695-4e7a-be76-6e5bd2f4cfd8,8908022410185,Breakfast & Sauces,Muesli & Oats,Nourish You,Nutrivative Foods Pvt Ltd,b5e206a7-39f2-49ce-b787-e107e9d8f8af,5
Chennai,"Nourish You Jumbo Rolled Oats - Gluten free , Breakfast Cereal Jar 1.0 KILOGRAM",8b81cda2-1695-4e7a-be76-6e5bd2f4cfd8,8908022410185,Breakfast & Sauces,Muesli & Oats,Nourish You,Nutrivative Foods Pvt Ltd,b5e206a7-39f2-49ce-b787-e107e9d8f8af,42
Lucknow,Nourish You Plant Protein - Vanilla 500.0 GRAM,446f4fc2-ff46-4e06-86e6-13fe8627f8aa,8908022410734,Protein & Nutrition,Plant & Vegan Protein,Nourish You,Nutrivative Foods Pvt Ltd,b5e206a7-39f2-49ce-b787-e107e9d8f8af,8
Hyderabad,Nourish You Plant Protein - Vanilla 500.0 GRAM,446f4fc2-ff46-4e06-86e6-13fe8627f8aa,8908022410734,Protein & Nutrition,Plant & Vegan Protein,Nourish You,Nutrivative Foods Pvt Ltd,b5e206a7-39f2-49ce-b787-e107e9d8f8af,59
Noida,Nourish You Plant Protein - Vanilla 500.0 GRAM,446f4fc2-ff46-4e06-86e6-13fe8627f8aa,8908022410734,Protein & Nutrition,Plant & Vegan Protein,Nourish You,Nutrivative Foods Pvt Ltd,b5e206a7-39f2-49ce-b787-e107e9d8f8af,17
Noida,Nourish You Chocolate Protein Oats 1.0 KILOGRAM,bc678b3b-ef62-4ac1-b2a5-130cd678cc02,8908022410543,Breakfast & Sauces,Muesli & Oats,Nourish You,Nutrivative Foods Pvt Ltd,b5e206a7-39f2-49ce-b787-e107e9d8f8af,22
Pune,Nourish You Chocolate Protein Oats 1.0 KILOGRAM,bc678b3b-ef62-4ac1-b2a5-130cd678cc02,8908022410543,Breakfast & Sauces,Muesli & Oats,Nourish You,Nutrivative Foods Pvt Ltd,b5e206a7-39f2-49ce-b787-e107e9d8f8af,16
Nashik,Nourish You Chocolate Protein Oats 1.0 KILOGRAM,bc678b3b-ef62-4ac1-b2a5-130cd678cc02,8908022410543,Breakfast & Sauces,Muesli & Oats,Nourish You,Nutrivative Foods Pvt Ltd,b5e206a7-39f2-49ce-b787-e107e9d8f8af,2
Kolkata,Nourish You Chocolate Protein Oats 1.0 KILOGRAM,bc678b3b-ef62-4ac1-b2a5-130cd678cc02,8908022410543,Breakfast & Sauces,Muesli & Oats,Nourish You,Nutrivative Foods Pvt Ltd,b5e206a7-39f2-49ce-b787-e107e9d8f8af,3
Rajkot,Nourish You Chocolate Protein Oats 1.0 KILOGRAM,bc678b3b-ef62-4ac1-b2a5-130cd678cc02,8908022410543,Breakfast & Sauces,Muesli & Oats,Nourish You,Nutrivative Foods Pvt Ltd,b5e206a7-39f2-49ce-b787-e107e9d8f8af,1
Faridabad,Nourish You Chocolate Protein Oats 1.0 KILOGRAM,bc678b3b-ef62-4ac1-b2a5-130cd678cc02,8908022410543,Breakfast & Sauces,Muesli & Oats,Nourish You,Nutrivative Foods Pvt Ltd,b5e206a7-39f2-49ce-b787-e107e9d8f8af,2
Kolkata,Nourish You Plant Protein - Unflavoured 500.0 GRAM,a6c9bf13-7f3e-4a29-a654-d8dee62f432a,8908022410727,Protein & Nutrition,Plant & Vegan Protein,Nourish You,Nutrivative Foods Pvt Ltd,b5e206a7-39f2-49ce-b787-e107e9d8f8af,8
Hyderabad,Nourish You Plant Protein - Unflavoured 500.0 GRAM,a6c9bf13-7f3e-4a29-a654-d8dee62f432a,8908022410727,Protein & Nutrition,Plant & Vegan Protein,Nourish You,Nutrivative Foods Pvt Ltd,b5e206a7-39f2-49ce-b787-e107e9d8f8af,69
Ghaziabad,Nourish You Plant Protein - Unflavoured 500.0 GRAM,a6c9bf13-7f3e-4a29-a654-d8dee62f432a,8908022410727,Protein & Nutrition,Plant & Vegan Protein,Nourish You,Nutrivative Foods Pvt Ltd,b5e206a7-39f2-49ce-b787-e107e9d8f8af,6
Chennai,Nourish You Plant Protein - Unflavoured 500.0 GRAM,a6c9bf13-7f3e-4a29-a654-d8dee62f432a,8908022410727,Protein & Nutrition,Plant & Vegan Protein,Nourish You,Nutrivative Foods Pvt Ltd,b5e206a7-39f2-49ce-b787-e107e9d8f8af,55
Pune,Nourish You Plant Protein - Unflavoured 500.0 GRAM,a6c9bf13-7f3e-4a29-a654-d8dee62f432a,8908022410727,Protein & Nutrition,Plant & Vegan Protein,Nourish You,Nutrivative Foods Pvt Ltd,b5e206a7-39f2-49ce-b787-e107e9d8f8af,31
Nashik,Nourish You Plant Protein - Unflavoured 500.0 GRAM,a6c9bf13-7f3e-4a29-a654-d8dee62f432a,8908022410727,Protein & Nutrition,Plant & Vegan Protein,Nourish You,Nutrivative Foods Pvt Ltd,b5e206a7-39f2-49ce-b787-e107e9d8f8af,3
Mumbai,NOURISH YOU Organic Sunflower Seeds Sunflower Seeds - Raw Sunflower Seeds for Eating 250.0 GRAM,9125d283-ad34-4a9d-ac0f-ea756c7ee7e1,8908022410055,"Masala, Dry Fruits & More",Dates & Seeds,Nourish You,Nutrivative Foods Pvt Ltd,b5e206a7-39f2-49ce-b787-e107e9d8f8af,89
Noida,NOURISH YOU Organic Sunflower Seeds Sunflower Seeds - Raw Sunflower Seeds for Eating 250.0 GRAM,9125d283-ad34-4a9d-ac0f-ea756c7ee7e1,8908022410055,"Masala, Dry Fruits & More",Dates & Seeds,Nourish You,Nutrivative Foods Pvt Ltd,b5e206a7-39f2-49ce-b787-e107e9d8f8af,2
Delhi,NOURISH YOU Organic Sunflower Seeds Sunflower Seeds - Raw Sunflower Seeds for Eating 250.0 GRAM,9125d283-ad34-4a9d-ac0f-ea756c7ee7e1,8908022410055,"Masala, Dry Fruits & More",Dates & Seeds,Nourish You,Nutrivative Foods Pvt Ltd,b5e206a7-39f2-49ce-b787-e107e9d8f8af,5
Bengaluru,Nourish You Plant Protein - Chocolate 500.0 GRAM,96bab3c6-8143-449b-93a3-8774d59ac430,8908022410710,Protein & Nutrition,Plant & Vegan Protein,Nourish You,Nutrivative Foods Pvt Ltd,b5e206a7-39f2-49ce-b787-e107e9d8f8af,78
Chennai,Nourish You Plant Protein - Chocolate 500.0 GRAM,96bab3c6-8143-449b-93a3-8774d59ac430,8908022410710,Protein & Nutrition,Plant & Vegan Protein,Nourish You,Nutrivative Foods Pvt Ltd,b5e206a7-39f2-49ce-b787-e107e9d8f8af,30
SAS Nagar,Nourish You Plant Protein - Chocolate 500.0 GRAM,96bab3c6-8143-449b-93a3-8774d59ac430,8908022410710,Protein & Nutrition,Plant & Vegan Protein,Nourish You,Nutrivative Foods Pvt Ltd,b5e206a7-39f2-49ce-b787-e107e9d8f8af,6
Faridabad,Nourish You Plant Protein - Chocolate 500.0 GRAM,96bab3c6-8143-449b-93a3-8774d59ac430,8908022410710,Protein & Nutrition,Plant & Vegan Protein,Nourish You,Nutrivative Foods Pvt Ltd,b5e206a7-39f2-49ce-b787-e107e9d8f8af,2
Delhi,Nourish You Plant Protein - Chocolate 500.0 GRAM,96bab3c6-8143-449b-93a3-8774d59ac430,8908022410710,Protein & Nutrition,Plant & Vegan Protein,Nourish You,Nutrivative Foods Pvt Ltd,b5e206a7-39f2-49ce-b787-e107e9d8f8af,12
Kolkata,Nourish You Plant Protein - Chocolate 500.0 GRAM,96bab3c6-8143-449b-93a3-8774d59ac430,8908022410710,Protein & Nutrition,Plant & Vegan Protein,Nourish You,Nutrivative Foods Pvt Ltd,b5e206a7-39f2-49ce-b787-e107e9d8f8af,3
Hyderabad,"Nourish You Jumbo Rolled Oats - Gluten free , Breakfast Cereal 500.0 GRAM",0fac0b0f-f2a2-46bc-8e37-d2790ce35b60,8908005459958,Breakfast & Sauces,Muesli & Oats,Nourish You,Nutrivative Foods Pvt Ltd,b5e206a7-39f2-49ce-b787-e107e9d8f8af,27
Nashik,"Nourish You Jumbo Rolled Oats - Gluten free , Breakfast Cereal 500.0 GRAM",0fac0b0f-f2a2-46bc-8e37-d2790ce35b60,8908005459958,Breakfast & Sauces,Muesli & Oats,Nourish You,Nutrivative Foods Pvt Ltd,b5e206a7-39f2-49ce-b787-e107e9d8f8af,1
Delhi,"Nourish You Jumbo Rolled Oats - Gluten free , Breakfast Cereal 500.0 GRAM",0fac0b0f-f2a2-46bc-8e37-d2790ce35b60,8908005459958,Breakfast & Sauces,Muesli & Oats,Nourish You,Nutrivative Foods Pvt Ltd,b5e206a7-39f2-49ce-b787-e107e9d8f8af,1
Gurugram,"Nourish You Jumbo Rolled Oats - Gluten free , Breakfast Cereal 500.0 GRAM",0fac0b0f-f2a2-46bc-8e37-d2790ce35b60,8908005459958,Breakfast & Sauces,Muesli & Oats,Nourish You,Nutrivative Foods Pvt Ltd,b5e206a7-39f2-49ce-b787-e107e9d8f8af,1
SAS Nagar,Nourish You Plant Protein - Vanilla 500.0 GRAM,446f4fc2-ff46-4e06-86e6-13fe8627f8aa,8908022410734,Protein & Nutrition,Plant & Vegan Protein,Nourish You,Nutrivative Foods Pvt Ltd,b5e206a7-39f2-49ce-b787-e107e9d8f8af,9
Kochi,Nourish You Plant Protein - Vanilla 500.0 GRAM,446f4fc2-ff46-4e06-86e6-13fe8627f8aa,8908022410734,Protein & Nutrition,Plant & Vegan Protein,Nourish You,Nutrivative Foods Pvt Ltd,b5e206a7-39f2-49ce-b787-e107e9d8f8af,4
Chennai,Nourish You Chocolate Protein Oats 1.0 KILOGRAM,bc678b3b-ef62-4ac1-b2a5-130cd678cc02,8908022410543,Breakfast & Sauces,Muesli & Oats,Nourish You,Nutrivative Foods Pvt Ltd,b5e206a7-39f2-49ce-b787-e107e9d8f8af,105
Delhi,Nourish You Chocolate Protein Oats 1.0 KILOGRAM,bc678b3b-ef62-4ac1-b2a5-130cd678cc02,8908022410543,Breakfast & Sauces,Muesli & Oats,Nourish You,Nutrivative Foods Pvt Ltd,b5e206a7-39f2-49ce-b787-e107e9d8f8af,27
Indore,Nourish You Chocolate Protein Oats 1.0 KILOGRAM,bc678b3b-ef62-4ac1-b2a5-130cd678cc02,8908022410543,Breakfast & Sauces,Muesli & Oats,Nourish You,Nutrivative Foods Pvt Ltd,b5e206a7-39f2-49ce-b787-e107e9d8f8af,1
Vadodra,Nourish You Chocolate Protein Oats 1.0 KILOGRAM,bc678b3b-ef62-4ac1-b2a5-130cd678cc02,8908022410543,Breakfast & Sauces,Muesli & Oats,Nourish You,Nutrivative Foods Pvt Ltd,b5e206a7-39f2-49ce-b787-e107e9d8f8af,3
Bengaluru,Nourish You Chocolate Protein Oats 1.0 KILOGRAM,bc678b3b-ef62-4ac1-b2a5-130cd678cc02,8908022410543,Breakfast & Sauces,Muesli & Oats,Nourish You,Nutrivative Foods Pvt Ltd,b5e206a7-39f2-49ce-b787-e107e9d8f8af,131
Surat,Nourish You Chocolate Protein Oats 1.0 KILOGRAM,bc678b3b-ef62-4ac1-b2a5-130cd678cc02,8908022410543,Breakfast & Sauces,Muesli & Oats,Nourish You,Nutrivative Foods Pvt Ltd,b5e206a7-39f2-49ce-b787-e107e9d8f8af,1
Lucknow,Nourish You Chocolate Protein Oats 1.0 KILOGRAM,bc678b3b-ef62-4ac1-b2a5-130cd678cc02,8908022410543,Breakfast & Sauces,Muesli & Oats,Nourish You,Nutrivative Foods Pvt Ltd,b5e206a7-39f2-49ce-b787-e107e9d8f8af,9
Gurugram,Nourish You Plant Protein - Unflavoured 500.0 GRAM,a6c9bf13-7f3e-4a29-a654-d8dee62f432a,8908022410727,Protein & Nutrition,Plant & Vegan Protein,Nourish You,Nutrivative Foods Pvt Ltd,b5e206a7-39f2-49ce-b787-e107e9d8f8af,50
Noida,Nourish You Plant Protein - Unflavoured 500.0 GRAM,a6c9bf13-7f3e-4a29-a654-d8dee62f432a,8908022410727,Protein & Nutrition,Plant & Vegan Protein,Nourish You,Nutrivative Foods Pvt Ltd,b5e206a7-39f2-49ce-b787-e107e9d8f8af,24
Coimbatore,Nourish You Plant Based Milk - Millet 200.0 MILLILITRE,050f9208-8a81-41f1-8176-9789c3e8b0e3,8908005459774,Cold Drinks & Juices,Vegan Drinks,Nourish You,Nutrivative Foods Pvt Ltd,b5e206a7-39f2-49ce-b787-e107e9d8f8af,3
SAS Nagar,Nourish You Plant Protein - Unflavoured 500.0 GRAM,a6c9bf13-7f3e-4a29-a654-d8dee62f432a,8908022410727,Protein & Nutrition,Plant & Vegan Protein,Nourish You,Nutrivative Foods Pvt Ltd,b5e206a7-39f2-49ce-b787-e107e9d8f8af,8
Hyderabad,Nourish You Plant Based Milk - Millet 200.0 MILLILITRE,050f9208-8a81-41f1-8176-9789c3e8b0e3,8908005459774,Cold Drinks & Juices,Vegan Drinks,Nourish You,Nutrivative Foods Pvt Ltd,b5e206a7-39f2-49ce-b787-e107e9d8f8af,2
Bengaluru,Nourish You Plant Protein - Unflavoured 500.0 GRAM,a6c9bf13-7f3e-4a29-a654-d8dee62f432a,8908022410727,Protein & Nutrition,Plant & Vegan Protein,Nourish You,Nutrivative Foods Pvt Ltd,b5e206a7-39f2-49ce-b787-e107e9d8f8af,121
Ghaziabad,NOURISH YOU Organic Sunflower Seeds Sunflower Seeds - Raw Sunflower Seeds for Eating 250.0 GRAM,9125d283-ad34-4a9d-ac0f-ea756c7ee7e1,8908022410055,"Masala, Dry Fruits & More",Dates & Seeds,Nourish You,Nutrivative Foods Pvt Ltd,b5e206a7-39f2-49ce-b787-e107e9d8f8af,3
Faridabad,NOURISH YOU Organic Sunflower Seeds Sunflower Seeds - Raw Sunflower Seeds for Eating 250.0 GRAM,9125d283-ad34-4a9d-ac0f-ea756c7ee7e1,8908022410055,"Masala, Dry Fruits & More",Dates & Seeds,Nourish You,Nutrivative Foods Pvt Ltd,b5e206a7-39f2-49ce-b787-e107e9d8f8af,0
Pune,Nourish You Plant Protein - Chocolate 500.0 GRAM,96bab3c6-8143-449b-93a3-8774d59ac430,8908022410710,Protein & Nutrition,Plant & Vegan Protein,Nourish You,Nutrivative Foods Pvt Ltd,b5e206a7-39f2-49ce-b787-e107e9d8f8af,14
Surat,Nourish You Plant Protein - Chocolate 500.0 GRAM,96bab3c6-8143-449b-93a3-8774d59ac430,8908022410710,Protein & Nutrition,Plant & Vegan Protein,Nourish You,Nutrivative Foods Pvt Ltd,b5e206a7-39f2-49ce-b787-e107e9d8f8af,1
Noida,Nourish You Plant Protein - Chocolate 500.0 GRAM,96bab3c6-8143-449b-93a3-8774d59ac430,8908022410710,Protein & Nutrition,Plant & Vegan Protein,Nourish You,Nutrivative Foods Pvt Ltd,b5e206a7-39f2-49ce-b787-e107e9d8f8af,12
Nashik,Nourish You Plant Protein - Chocolate 500.0 GRAM,96bab3c6-8143-449b-93a3-8774d59ac430,8908022410710,Protein & Nutrition,Plant & Vegan Protein,Nourish You,Nutrivative Foods Pvt Ltd,b5e206a7-39f2-49ce-b787-e107e9d8f8af,2
Mumbai,"Nourish You Jumbo Rolled Oats - Gluten free , Breakfast Cereal 500.0 GRAM",0fac0b0f-f2a2-46bc-8e37-d2790ce35b60,8908005459958,Breakfast & Sauces,Muesli & Oats,Nourish You,Nutrivative Foods Pvt Ltd,b5e206a7-39f2-49ce-b787-e107e9d8f8af,120
Pune,"Nourish You Jumbo Rolled Oats - Gluten free , Breakfast Cereal 500.0 GRAM",0fac0b0f-f2a2-46bc-8e37-d2790ce35b60,8908005459958,Breakfast & Sauces,Muesli & Oats,Nourish You,Nutrivative Foods Pvt Ltd,b5e206a7-39f2-49ce-b787-e107e9d8f8af,3
Pune,"Nourish You Jumbo Rolled Oats - Gluten free , Breakfast Cereal Jar 1.0 KILOGRAM",8b81cda2-1695-4e7a-be76-6e5bd2f4cfd8,8908022410185,Breakfast & Sauces,Muesli & Oats,Nourish You,Nutrivative Foods Pvt Ltd,b5e206a7-39f2-49ce-b787-e107e9d8f8af,2
Delhi,"Nourish You Jumbo Rolled Oats - Gluten free , Breakfast Cereal Jar 1.0 KILOGRAM",8b81cda2-1695-4e7a-be76-6e5bd2f4cfd8,8908022410185,Breakfast & Sauces,Muesli & Oats,Nourish You,Nutrivative Foods Pvt Ltd,b5e206a7-39f2-49ce-b787-e107e9d8f8af,0
Surat,Nourish You Plant Protein - Vanilla 500.0 GRAM,446f4fc2-ff46-4e06-86e6-13fe8627f8aa,8908022410734,Protein & Nutrition,Plant & Vegan Protein,Nourish You,Nutrivative Foods Pvt Ltd,b5e206a7-39f2-49ce-b787-e107e9d8f8af,4
Mumbai,Nourish You Plant Protein - Vanilla 500.0 GRAM,446f4fc2-ff46-4e06-86e6-13fe8627f8aa,8908022410734,Protein & Nutrition,Plant & Vegan Protein,Nourish You,Nutrivative Foods Pvt Ltd,b5e206a7-39f2-49ce-b787-e107e9d8f8af,44
Ghaziabad,Nourish You Plant Protein - Vanilla 500.0 GRAM,446f4fc2-ff46-4e06-86e6-13fe8627f8aa,8908022410734,Protein & Nutrition,Plant & Vegan Protein,Nourish You,Nutrivative Foods Pvt Ltd,b5e206a7-39f2-49ce-b787-e107e9d8f8af,3
Jaipur,Nourish You Plant Protein - Vanilla 500.0 GRAM,446f4fc2-ff46-4e06-86e6-13fe8627f8aa,8908022410734,Protein & Nutrition,Plant & Vegan Protein,Nourish You,Nutrivative Foods Pvt Ltd,b5e206a7-39f2-49ce-b787-e107e9d8f8af,2
Ahmedabad,Nourish You Plant Protein - Vanilla 500.0 GRAM,446f4fc2-ff46-4e06-86e6-13fe8627f8aa,8908022410734,Protein & Nutrition,Plant & Vegan Protein,Nourish You,Nutrivative Foods Pvt Ltd,b5e206a7-39f2-49ce-b787-e107e9d8f8af,3
Hyderabad,Nourish You Chocolate Protein Oats 1.0 KILOGRAM,bc678b3b-ef62-4ac1-b2a5-130cd678cc02,8908022410543,Breakfast & Sauces,Muesli & Oats,Nourish You,Nutrivative Foods Pvt Ltd,b5e206a7-39f2-49ce-b787-e107e9d8f8af,37
Mumbai,Nourish You Chocolate Protein Oats 1.0 KILOGRAM,bc678b3b-ef62-4ac1-b2a5-130cd678cc02,8908022410543,Breakfast & Sauces,Muesli & Oats,Nourish You,Nutrivative Foods Pvt Ltd,b5e206a7-39f2-49ce-b787-e107e9d8f8af,114
Gurugram,Nourish You Chocolate Protein Oats 1.0 KILOGRAM,bc678b3b-ef62-4ac1-b2a5-130cd678cc02,8908022410543,Breakfast & Sauces,Muesli & Oats,Nourish You,Nutrivative Foods Pvt Ltd,b5e206a7-39f2-49ce-b787-e107e9d8f8af,63
Puducherry,Nourish You Chocolate Protein Oats 1.0 KILOGRAM,bc678b3b-ef62-4ac1-b2a5-130cd678cc02,8908022410543,Breakfast & Sauces,Muesli & Oats,Nourish You,Nutrivative Foods Pvt Ltd,b5e206a7-39f2-49ce-b787-e107e9d8f8af,1
Ahmedabad,Nourish You Chocolate Protein Oats 1.0 KILOGRAM,bc678b3b-ef62-4ac1-b2a5-130cd678cc02,8908022410543,Breakfast & Sauces,Muesli & Oats,Nourish You,Nutrivative Foods Pvt Ltd,b5e206a7-39f2-49ce-b787-e107e9d8f8af,6
SAS Nagar,Nourish You Chocolate Protein Oats 1.0 KILOGRAM,bc678b3b-ef62-4ac1-b2a5-130cd678cc02,8908022410543,Breakfast & Sauces,Muesli & Oats,Nourish You,Nutrivative Foods Pvt Ltd,b5e206a7-39f2-49ce-b787-e107e9d8f8af,6
Ahmedabad,Nourish You Plant Protein - Unflavoured 500.0 GRAM,a6c9bf13-7f3e-4a29-a654-d8dee62f432a,8908022410727,Protein & Nutrition,Plant & Vegan Protein,Nourish You,Nutrivative Foods Pvt Ltd,b5e206a7-39f2-49ce-b787-e107e9d8f8af,4
Kochi,Nourish You Plant Protein - Unflavoured 500.0 GRAM,a6c9bf13-7f3e-4a29-a654-d8dee62f432a,8908022410727,Protein & Nutrition,Plant & Vegan Protein,Nourish You,Nutrivative Foods Pvt Ltd,b5e206a7-39f2-49ce-b787-e107e9d8f8af,4
Jaipur,Nourish You Plant Protein - Unflavoured 500.0 GRAM,a6c9bf13-7f3e-4a29-a654-d8dee62f432a,8908022410727,Protein & Nutrition,Plant & Vegan Protein,Nourish You,Nutrivative Foods Pvt Ltd,b5e206a7-39f2-49ce-b787-e107e9d8f8af,3
Chennai,Nourish You Plant Based Milk - Millet 200.0 MILLILITRE,050f9208-8a81-41f1-8176-9789c3e8b0e3,8908005459774,Cold Drinks & Juices,Vegan Drinks,Nourish You,Nutrivative Foods Pvt Ltd,b5e206a7-39f2-49ce-b787-e107e9d8f8af,2
Lucknow,Nourish You Plant Protein - Unflavoured 500.0 GRAM,a6c9bf13-7f3e-4a29-a654-d8dee62f432a,8908022410727,Protein & Nutrition,Plant & Vegan Protein,Nourish You,Nutrivative Foods Pvt Ltd,b5e206a7-39f2-49ce-b787-e107e9d8f8af,12
Vijayawada,Nourish You Plant Based Milk - Millet 200.0 MILLILITRE,050f9208-8a81-41f1-8176-9789c3e8b0e3,8908005459774,Cold Drinks & Juices,Vegan Drinks,Nourish You,Nutrivative Foods Pvt Ltd,b5e206a7-39f2-49ce-b787-e107e9d8f8af,4
Vellore,Nourish You Plant Based Milk - Millet 200.0 MILLILITRE,050f9208-8a81-41f1-8176-9789c3e8b0e3,8908005459774,Cold Drinks & Juices,Vegan Drinks,Nourish You,Nutrivative Foods Pvt Ltd,b5e206a7-39f2-49ce-b787-e107e9d8f8af,2
Faridabad,Nourish You Plant Protein - Unflavoured 500.0 GRAM,a6c9bf13-7f3e-4a29-a654-d8dee62f432a,8908022410727,Protein & Nutrition,Plant & Vegan Protein,Nourish You,Nutrivative Foods Pvt Ltd,b5e206a7-39f2-49ce-b787-e107e9d8f8af,1
Chennai,NOURISH YOU Organic Sunflower Seeds Sunflower Seeds - Raw Sunflower Seeds for Eating 250.0 GRAM,9125d283-ad34-4a9d-ac0f-ea756c7ee7e1,8908022410055,"Masala, Dry Fruits & More",Dates & Seeds,Nourish You,Nutrivative Foods Pvt Ltd,b5e206a7-39f2-49ce-b787-e107e9d8f8af,111
Bengaluru,NOURISH YOU Organic Sunflower Seeds Sunflower Seeds - Raw Sunflower Seeds for Eating 250.0 GRAM,9125d283-ad34-4a9d-ac0f-ea756c7ee7e1,8908022410055,"Masala, Dry Fruits & More",Dates & Seeds,Nourish You,Nutrivative Foods Pvt Ltd,b5e206a7-39f2-49ce-b787-e107e9d8f8af,98
Jhajjar,NOURISH YOU Organic Sunflower Seeds Sunflower Seeds - Raw Sunflower Seeds for Eating 250.0 GRAM,9125d283-ad34-4a9d-ac0f-ea756c7ee7e1,8908022410055,"Masala, Dry Fruits & More",Dates & Seeds,Nourish You,Nutrivative Foods Pvt Ltd,b5e206a7-39f2-49ce-b787-e107e9d8f8af,98
Mumbai,Nourish You Plant Protein - Chocolate 500.0 GRAM,96bab3c6-8143-449b-93a3-8774d59ac430,8908022410710,Protein & Nutrition,Plant & Vegan Protein,Nourish You,Nutrivative Foods Pvt Ltd,b5e206a7-39f2-49ce-b787-e107e9d8f8af,24
Chennai,"Nourish You Jumbo Rolled Oats - Gluten free , Breakfast Cereal 500.0 GRAM",0fac0b0f-f2a2-46bc-8e37-d2790ce35b60,8908005459958,Breakfast & Sauces,Muesli & Oats,Nourish You,Nutrivative Foods Pvt Ltd,b5e206a7-39f2-49ce-b787-e107e9d8f8af,66
Hyderabad,"Nourish You Jumbo Rolled Oats - Gluten free , Breakfast Cereal Jar 1.0 KILOGRAM",8b81cda2-1695-4e7a-be76-6e5bd2f4cfd8,8908022410185,Breakfast & Sauces,Muesli & Oats,Nourish You,Nutrivative Foods Pvt Ltd,b5e206a7-39f2-49ce-b787-e107e9d8f8af,7
Lucknow,"Nourish You Jumbo Rolled Oats - Gluten free , Breakfast Cereal 500.0 GRAM",0fac0b0f-f2a2-46bc-8e37-d2790ce35b60,8908005459958,Breakfast & Sauces,Muesli & Oats,Nourish You,Nutrivative Foods Pvt Ltd,b5e206a7-39f2-49ce-b787-e107e9d8f8af,1
Mumbai,"Nourish You Jumbo Rolled Oats - Gluten free , Breakfast Cereal Jar 1.0 KILOGRAM",8b81cda2-1695-4e7a-be76-6e5bd2f4cfd8,8908022410185,Breakfast & Sauces,Muesli & Oats,Nourish You,Nutrivative Foods Pvt Ltd,b5e206a7-39f2-49ce-b787-e107e9d8f8af,96
Chennai,Nourish You Plant Protein - Vanilla 500.0 GRAM,446f4fc2-ff46-4e06-86e6-13fe8627f8aa,8908022410734,Protein & Nutrition,Plant & Vegan Protein,Nourish You,Nutrivative Foods Pvt Ltd,b5e206a7-39f2-49ce-b787-e107e9d8f8af,32
Nashik,Nourish You Plant Protein - Vanilla 500.0 GRAM,446f4fc2-ff46-4e06-86e6-13fe8627f8aa,8908022410734,Protein & Nutrition,Plant & Vegan Protein,Nourish You,Nutrivative Foods Pvt Ltd,b5e206a7-39f2-49ce-b787-e107e9d8f8af,3
Pune,Nourish You Plant Protein - Vanilla 500.0 GRAM,446f4fc2-ff46-4e06-86e6-13fe8627f8aa,8908022410734,Protein & Nutrition,Plant & Vegan Protein,Nourish You,Nutrivative Foods Pvt Ltd,b5e206a7-39f2-49ce-b787-e107e9d8f8af,28
Bengaluru,Nourish You Plant Protein - Vanilla 500.0 GRAM,446f4fc2-ff46-4e06-86e6-13fe8627f8aa,8908022410734,Protein & Nutrition,Plant & Vegan Protein,Nourish You,Nutrivative Foods Pvt Ltd,b5e206a7-39f2-49ce-b787-e107e9d8f8af,102
Delhi,Nourish You Plant Protein - Vanilla 500.0 GRAM,446f4fc2-ff46-4e06-86e6-13fe8627f8aa,8908022410734,Protein & Nutrition,Plant & Vegan Protein,Nourish You,Nutrivative Foods Pvt Ltd,b5e206a7-39f2-49ce-b787-e107e9d8f8af,19
Gurugram,Nourish You Plant Protein - Vanilla 500.0 GRAM,446f4fc2-ff46-4e06-86e6-13fe8627f8aa,8908022410734,Protein & Nutrition,Plant & Vegan Protein,Nourish You,Nutrivative Foods Pvt Ltd,b5e206a7-39f2-49ce-b787-e107e9d8f8af,22
Kolkata,Nourish You Plant Protein - Vanilla 500.0 GRAM,446f4fc2-ff46-4e06-86e6-13fe8627f8aa,8908022410734,Protein & Nutrition,Plant & Vegan Protein,Nourish You,Nutrivative Foods Pvt Ltd,b5e206a7-39f2-49ce-b787-e107e9d8f8af,2
Kochi,Nourish You Chocolate Protein Oats 1.0 KILOGRAM,bc678b3b-ef62-4ac1-b2a5-130cd678cc02,8908022410543,Breakfast & Sauces,Muesli & Oats,Nourish You,Nutrivative Foods Pvt Ltd,b5e206a7-39f2-49ce-b787-e107e9d8f8af,0
Jaipur,Nourish You Chocolate Protein Oats 1.0 KILOGRAM,bc678b3b-ef62-4ac1-b2a5-130cd678cc02,8908022410543,Breakfast & Sauces,Muesli & Oats,Nourish You,Nutrivative Foods Pvt Ltd,b5e206a7-39f2-49ce-b787-e107e9d8f8af,1
Ghaziabad,Nourish You Chocolate Protein Oats 1.0 KILOGRAM,bc678b3b-ef62-4ac1-b2a5-130cd678cc02,8908022410543,Breakfast & Sauces,Muesli & Oats,Nourish You,Nutrivative Foods Pvt Ltd,b5e206a7-39f2-49ce-b787-e107e9d8f8af,7
Nagpur,Nourish You Plant Based Milk - Millet 200.0 MILLILITRE,050f9208-8a81-41f1-8176-9789c3e8b0e3,8908005459774,Cold Drinks & Juices,Vegan Drinks,Nourish You,Nutrivative Foods Pvt Ltd,b5e206a7-39f2-49ce-b787-e107e9d8f8af,1
Surat,Nourish You Plant Protein - Unflavoured 500.0 GRAM,a6c9bf13-7f3e-4a29-a654-d8dee62f432a,8908022410727,Protein & Nutrition,Plant & Vegan Protein,Nourish You,Nutrivative Foods Pvt Ltd,b5e206a7-39f2-49ce-b787-e107e9d8f8af,2
Mumbai,Nourish You Plant Protein - Unflavoured 500.0 GRAM,a6c9bf13-7f3e-4a29-a654-d8dee62f432a,8908022410727,Protein & Nutrition,Plant & Vegan Protein,Nourish You,Nutrivative Foods Pvt Ltd,b5e206a7-39f2-49ce-b787-e107e9d8f8af,86
Delhi,Nourish You Plant Protein - Unflavoured 500.0 GRAM,a6c9bf13-7f3e-4a29-a654-d8dee62f432a,8908022410727,Protein & Nutrition,Plant & Vegan Protein,Nourish You,Nutrivative Foods Pvt Ltd,b5e206a7-39f2-49ce-b787-e107e9d8f8af,36
Gurugram,NOURISH YOU Organic Sunflower Seeds Sunflower Seeds - Raw Sunflower Seeds for Eating 250.0 GRAM,9125d283-ad34-4a9d-ac0f-ea756c7ee7e1,8908022410055,"Masala, Dry Fruits & More",Dates & Seeds,Nourish You,Nutrivative Foods Pvt Ltd,b5e206a7-39f2-49ce-b787-e107e9d8f8af,3
Ambala,NOURISH YOU Organic Sunflower Seeds Sunflower Seeds - Raw Sunflower Seeds for Eating 250.0 GRAM,9125d283-ad34-4a9d-ac0f-ea756c7ee7e1,8908022410055,"Masala, Dry Fruits & More",Dates & Seeds,Nourish You,Nutrivative Foods Pvt Ltd,b5e206a7-39f2-49ce-b787-e107e9d8f8af,2
Pune,NOURISH YOU Organic Sunflower Seeds Sunflower Seeds - Raw Sunflower Seeds for Eating 250.0 GRAM,9125d283-ad34-4a9d-ac0f-ea756c7ee7e1,8908022410055,"Masala, Dry Fruits & More",Dates & Seeds,Nourish You,Nutrivative Foods Pvt Ltd,b5e206a7-39f2-49ce-b787-e107e9d8f8af,3
Hyderabad,NOURISH YOU Organic Sunflower Seeds Sunflower Seeds - Raw Sunflower Seeds for Eating 250.0 GRAM,9125d283-ad34-4a9d-ac0f-ea756c7ee7e1,8908022410055,"Masala, Dry Fruits & More",Dates & Seeds,Nourish You,Nutrivative Foods Pvt Ltd,b5e206a7-39f2-49ce-b787-e107e9d8f8af,4
Coimbatore,Nourish You Antioxidant Boost 7 in 1 Super Seed Mix 100.0 GRAM,5b8fc10e-bd36-4768-8fc1-5b8bcf66ac73,8908005459989,"Masala, Dry Fruits & More",Dates & Seeds,Nourish You,Nutrivative Foods Pvt Ltd,b5e206a7-39f2-49ce-b787-e107e9d8f8af,3
Ghaziabad,Nourish You Antioxidant Boost 7 in 1 Super Seed Mix 100.0 GRAM,5b8fc10e-bd36-4768-8fc1-5b8bcf66ac73,8908005459989,"Masala, Dry Fruits & More",Dates & Seeds,Nourish You,Nutrivative Foods Pvt Ltd,b5e206a7-39f2-49ce-b787-e107e9d8f8af,4
Ludhiana,Nourish You Antioxidant Boost 7 in 1 Super Seed Mix 100.0 GRAM,5b8fc10e-bd36-4768-8fc1-5b8bcf66ac73,8908005459989,"Masala, Dry Fruits & More",Dates & Seeds,Nourish You,Nutrivative Foods Pvt Ltd,b5e206a7-39f2-49ce-b787-e107e9d8f8af,1
Nashik,Nourish You Antioxidant Boost 7 in 1 Super Seed Mix 100.0 GRAM,5b8fc10e-bd36-4768-8fc1-5b8bcf66ac73,8908005459989,"Masala, Dry Fruits & More",Dates & Seeds,Nourish You,Nutrivative Foods Pvt Ltd,b5e206a7-39f2-49ce-b787-e107e9d8f8af,1
Agra,Nourish You Antioxidant Boost 7 in 1 Super Seed Mix 100.0 GRAM,5b8fc10e-bd36-4768-8fc1-5b8bcf66ac73,8908005459989,"Masala, Dry Fruits & More",Dates & Seeds,Nourish You,Nutrivative Foods Pvt Ltd,b5e206a7-39f2-49ce-b787-e107e9d8f8af,2
Jaipur,Nourish You Antioxidant Boost 7 in 1 Super Seed Mix 100.0 GRAM,5b8fc10e-bd36-4768-8fc1-5b8bcf66ac73,8908005459989,"Masala, Dry Fruits & More",Dates & Seeds,Nourish You,Nutrivative Foods Pvt Ltd,b5e206a7-39f2-49ce-b787-e107e9d8f8af,0
Jhajjar,Nourish You Chia Seeds Truly Clean Chia Seeds for Eating 250.0 GRAM,fc2f8665-c9cf-48bf-8aca-609f7d500e51,8908005459828,"Masala, Dry Fruits & More",Dates & Seeds,Nourish You,Nutrivative Foods Pvt Ltd,b5e206a7-39f2-49ce-b787-e107e9d8f8af,7
Bengaluru,Nourish You Chia Seeds Truly Clean Chia Seeds for Eating 250.0 GRAM,fc2f8665-c9cf-48bf-8aca-609f7d500e51,8908005459828,"Masala, Dry Fruits & More",Dates & Seeds,Nourish You,Nutrivative Foods Pvt Ltd,b5e206a7-39f2-49ce-b787-e107e9d8f8af,347
Delhi,Nourish You Chia Seeds Truly Clean Chia Seeds for Eating 250.0 GRAM,fc2f8665-c9cf-48bf-8aca-609f7d500e51,8908005459828,"Masala, Dry Fruits & More",Dates & Seeds,Nourish You,Nutrivative Foods Pvt Ltd,b5e206a7-39f2-49ce-b787-e107e9d8f8af,77
Hyderabad,Nourish You Chia Seeds Truly Clean Chia Seeds for Eating 250.0 GRAM,fc2f8665-c9cf-48bf-8aca-609f7d500e51,8908005459828,"Masala, Dry Fruits & More",Dates & Seeds,Nourish You,Nutrivative Foods Pvt Ltd,b5e206a7-39f2-49ce-b787-e107e9d8f8af,45
Chennai,Nourish You Raw Watermelon Seeds | Kernels 250.0 GRAM,2c997eb9-08ed-4b29-8ca1-85c1c994afcc,8908022410031,"Masala, Dry Fruits & More",Dates & Seeds,Nourish You,Nutrivative Foods Pvt Ltd,b5e206a7-39f2-49ce-b787-e107e9d8f8af,93
Pune,Nourish You Raw Watermelon Seeds | Kernels 250.0 GRAM,2c997eb9-08ed-4b29-8ca1-85c1c994afcc,8908022410031,"Masala, Dry Fruits & More",Dates & Seeds,Nourish You,Nutrivative Foods Pvt Ltd,b5e206a7-39f2-49ce-b787-e107e9d8f8af,5
Hyderabad,Nourish You Raw Watermelon Seeds | Kernels 250.0 GRAM,2c997eb9-08ed-4b29-8ca1-85c1c994afcc,8908022410031,"Masala, Dry Fruits & More",Dates & Seeds,Nourish You,Nutrivative Foods Pvt Ltd,b5e206a7-39f2-49ce-b787-e107e9d8f8af,16
Coimbatore,Nourish You Raw Watermelon Seeds | Kernels 250.0 GRAM,2c997eb9-08ed-4b29-8ca1-85c1c994afcc,8908022410031,"Masala, Dry Fruits & More",Dates & Seeds,Nourish You,Nutrivative Foods Pvt Ltd,b5e206a7-39f2-49ce-b787-e107e9d8f8af,1
Puducherry,Nourish You Raw Watermelon Seeds | Kernels 250.0 GRAM,2c997eb9-08ed-4b29-8ca1-85c1c994afcc,8908022410031,"Masala, Dry Fruits & More",Dates & Seeds,Nourish You,Nutrivative Foods Pvt Ltd,b5e206a7-39f2-49ce-b787-e107e9d8f8af,3
Panipat,Nourish You Raw Watermelon Seeds | Kernels 250.0 GRAM,2c997eb9-08ed-4b29-8ca1-85c1c994afcc,8908022410031,"Masala, Dry Fruits & More",Dates & Seeds,Nourish You,Nutrivative Foods Pvt Ltd,b5e206a7-39f2-49ce-b787-e107e9d8f8af,5
Ludhiana,Nourish You Raw Watermelon Seeds | Kernels 250.0 GRAM,2c997eb9-08ed-4b29-8ca1-85c1c994afcc,8908022410031,"Masala, Dry Fruits & More",Dates & Seeds,Nourish You,Nutrivative Foods Pvt Ltd,b5e206a7-39f2-49ce-b787-e107e9d8f8af,2
Surat,Nourish You Raw Watermelon Seeds | Kernels 250.0 GRAM,2c997eb9-08ed-4b29-8ca1-85c1c994afcc,8908022410031,"Masala, Dry Fruits & More",Dates & Seeds,Nourish You,Nutrivative Foods Pvt Ltd,b5e206a7-39f2-49ce-b787-e107e9d8f8af,2
Indore,Nourish You Raw Watermelon Seeds | Kernels 250.0 GRAM,2c997eb9-08ed-4b29-8ca1-85c1c994afcc,8908022410031,"Masala, Dry Fruits & More",Dates & Seeds,Nourish You,Nutrivative Foods Pvt Ltd,b5e206a7-39f2-49ce-b787-e107e9d8f8af,4
Meerut,Nourish You Raw Watermelon Seeds | Kernels 250.0 GRAM,2c997eb9-08ed-4b29-8ca1-85c1c994afcc,8908022410031,"Masala, Dry Fruits & More",Dates & Seeds,Nourish You,Nutrivative Foods Pvt Ltd,b5e206a7-39f2-49ce-b787-e107e9d8f8af,2
Vellore,Nourish You Raw Watermelon Seeds | Kernels 250.0 GRAM,2c997eb9-08ed-4b29-8ca1-85c1c994afcc,8908022410031,"Masala, Dry Fruits & More",Dates & Seeds,Nourish You,Nutrivative Foods Pvt Ltd,b5e206a7-39f2-49ce-b787-e107e9d8f8af,2
Kochi,Nourish You Raw Watermelon Seeds | Kernels 250.0 GRAM,2c997eb9-08ed-4b29-8ca1-85c1c994afcc,8908022410031,"Masala, Dry Fruits & More",Dates & Seeds,Nourish You,Nutrivative Foods Pvt Ltd,b5e206a7-39f2-49ce-b787-e107e9d8f8af,3
Noida,Nourish You Raw Watermelon Seeds | Kernels 250.0 GRAM,2c997eb9-08ed-4b29-8ca1-85c1c994afcc,8908022410031,"Masala, Dry Fruits & More",Dates & Seeds,Nourish You,Nutrivative Foods Pvt Ltd,b5e206a7-39f2-49ce-b787-e107e9d8f8af,9
Karimnagar,Nourish You Raw Chia Seeds 500.0 GRAM,e656030c-27e2-400f-baa8-2ab8ea1c3cc6,8908005459095,"Masala, Dry Fruits & More",Dates & Seeds,Nourish You,Nutrivative Foods Pvt Ltd,b5e206a7-39f2-49ce-b787-e107e9d8f8af,1
Bengaluru,Nourish You Raw Chia Seeds 500.0 GRAM,e656030c-27e2-400f-baa8-2ab8ea1c3cc6,8908005459095,"Masala, Dry Fruits & More",Dates & Seeds,Nourish You,Nutrivative Foods Pvt Ltd,b5e206a7-39f2-49ce-b787-e107e9d8f8af,287
SAS Nagar,Nourish You Raw Chia Seeds 500.0 GRAM,e656030c-27e2-400f-baa8-2ab8ea1c3cc6,8908005459095,"Masala, Dry Fruits & More",Dates & Seeds,Nourish You,Nutrivative Foods Pvt Ltd,b5e206a7-39f2-49ce-b787-e107e9d8f8af,0
Chennai,Nourish You Raw Chia Seeds 500.0 GRAM,e656030c-27e2-400f-baa8-2ab8ea1c3cc6,8908005459095,"Masala, Dry Fruits & More",Dates & Seeds,Nourish You,Nutrivative Foods Pvt Ltd,b5e206a7-39f2-49ce-b787-e107e9d8f8af,189
Nashik,Nourish You Raw Chia Seeds 500.0 GRAM,e656030c-27e2-400f-baa8-2ab8ea1c3cc6,8908005459095,"Masala, Dry Fruits & More",Dates & Seeds,Nourish You,Nutrivative Foods Pvt Ltd,b5e206a7-39f2-49ce-b787-e107e9d8f8af,6
Ludhiana,Nourish You Raw Chia Seeds 500.0 GRAM,e656030c-27e2-400f-baa8-2ab8ea1c3cc6,8908005459095,"Masala, Dry Fruits & More",Dates & Seeds,Nourish You,Nutrivative Foods Pvt Ltd,b5e206a7-39f2-49ce-b787-e107e9d8f8af,8
Ghaziabad,Nourish You Raw Chia Seeds 500.0 GRAM,e656030c-27e2-400f-baa8-2ab8ea1c3cc6,8908005459095,"Masala, Dry Fruits & More",Dates & Seeds,Nourish You,Nutrivative Foods Pvt Ltd,b5e206a7-39f2-49ce-b787-e107e9d8f8af,6
Kochi,Nourish You Raw Chia Seeds 500.0 GRAM,e656030c-27e2-400f-baa8-2ab8ea1c3cc6,8908005459095,"Masala, Dry Fruits & More",Dates & Seeds,Nourish You,Nutrivative Foods Pvt Ltd,b5e206a7-39f2-49ce-b787-e107e9d8f8af,2
Haridwar,Nourish You Raw Chia Seeds 500.0 GRAM,e656030c-27e2-400f-baa8-2ab8ea1c3cc6,8908005459095,"Masala, Dry Fruits & More",Dates & Seeds,Nourish You,Nutrivative Foods Pvt Ltd,b5e206a7-39f2-49ce-b787-e107e9d8f8af,3
Faridabad,Nourish You Raw Chia Seeds 500.0 GRAM,e656030c-27e2-400f-baa8-2ab8ea1c3cc6,8908005459095,"Masala, Dry Fruits & More",Dates & Seeds,Nourish You,Nutrivative Foods Pvt Ltd,b5e206a7-39f2-49ce-b787-e107e9d8f8af,2
Ahmedabad,Nourish You Raw Chia Seeds 500.0 GRAM,e656030c-27e2-400f-baa8-2ab8ea1c3cc6,8908005459095,"Masala, Dry Fruits & More",Dates & Seeds,Nourish You,Nutrivative Foods Pvt Ltd,b5e206a7-39f2-49ce-b787-e107e9d8f8af,8
Nagpur,Nourish You Raw Chia Seeds 500.0 GRAM,e656030c-27e2-400f-baa8-2ab8ea1c3cc6,8908005459095,"Masala, Dry Fruits & More",Dates & Seeds,Nourish You,Nutrivative Foods Pvt Ltd,b5e206a7-39f2-49ce-b787-e107e9d8f8af,2
Karnal,Nourish You Raw Chia Seeds 500.0 GRAM,e656030c-27e2-400f-baa8-2ab8ea1c3cc6,8908005459095,"Masala, Dry Fruits & More",Dates & Seeds,Nourish You,Nutrivative Foods Pvt Ltd,b5e206a7-39f2-49ce-b787-e107e9d8f8af,3
Warangal,Nourish You Raw Chia Seeds 500.0 GRAM,e656030c-27e2-400f-baa8-2ab8ea1c3cc6,8908005459095,"Masala, Dry Fruits & More",Dates & Seeds,Nourish You,Nutrivative Foods Pvt Ltd,b5e206a7-39f2-49ce-b787-e107e9d8f8af,2
Kurukshetra,Nourish You Raw Chia Seeds 500.0 GRAM,e656030c-27e2-400f-baa8-2ab8ea1c3cc6,8908005459095,"Masala, Dry Fruits & More",Dates & Seeds,Nourish You,Nutrivative Foods Pvt Ltd,b5e206a7-39f2-49ce-b787-e107e9d8f8af,3
Rajkot,Nourish You Raw Chia Seeds 500.0 GRAM,e656030c-27e2-400f-baa8-2ab8ea1c3cc6,8908005459095,"Masala, Dry Fruits & More",Dates & Seeds,Nourish You,Nutrivative Foods Pvt Ltd,b5e206a7-39f2-49ce-b787-e107e9d8f8af,3
Mumbai,Nourish You Raw Chia Seeds 500.0 GRAM,e656030c-27e2-400f-baa8-2ab8ea1c3cc6,8908005459095,"Masala, Dry Fruits & More",Dates & Seeds,Nourish You,Nutrivative Foods Pvt Ltd,b5e206a7-39f2-49ce-b787-e107e9d8f8af,265
Panipat,Nourish You Raw Chia Seeds 500.0 GRAM,e656030c-27e2-400f-baa8-2ab8ea1c3cc6,8908005459095,"Masala, Dry Fruits & More",Dates & Seeds,Nourish You,Nutrivative Foods Pvt Ltd,b5e206a7-39f2-49ce-b787-e107e9d8f8af,4
Delhi,Nourish You Quinoa 500.0 GRAM,fa9607da-efd5-4768-afaf-f2f698d9ddd4,8908005459804,"Atta, Rice, Oil & Dals",Rice & More,Nourish You,Nutrivative Foods Pvt Ltd,b5e206a7-39f2-49ce-b787-e107e9d8f8af,13
Gurugram,Nourish You Quinoa 500.0 GRAM,fa9607da-efd5-4768-afaf-f2f698d9ddd4,8908005459804,"Atta, Rice, Oil & Dals",Rice & More,Nourish You,Nutrivative Foods Pvt Ltd,b5e206a7-39f2-49ce-b787-e107e9d8f8af,6
Mumbai,Nourish You Antioxidant Boost 7 in 1 Super Seed Mix 100.0 GRAM,5b8fc10e-bd36-4768-8fc1-5b8bcf66ac73,8908005459989,"Masala, Dry Fruits & More",Dates & Seeds,Nourish You,Nutrivative Foods Pvt Ltd,b5e206a7-39f2-49ce-b787-e107e9d8f8af,3
Delhi,Nourish You Antioxidant Boost 7 in 1 Super Seed Mix 100.0 GRAM,5b8fc10e-bd36-4768-8fc1-5b8bcf66ac73,8908005459989,"Masala, Dry Fruits & More",Dates & Seeds,Nourish You,Nutrivative Foods Pvt Ltd,b5e206a7-39f2-49ce-b787-e107e9d8f8af,3
Noida,Nourish You Antioxidant Boost 7 in 1 Super Seed Mix 100.0 GRAM,5b8fc10e-bd36-4768-8fc1-5b8bcf66ac73,8908005459989,"Masala, Dry Fruits & More",Dates & Seeds,Nourish You,Nutrivative Foods Pvt Ltd,b5e206a7-39f2-49ce-b787-e107e9d8f8af,1
Amritsar,Nourish You Antioxidant Boost 7 in 1 Super Seed Mix 100.0 GRAM,5b8fc10e-bd36-4768-8fc1-5b8bcf66ac73,8908005459989,"Masala, Dry Fruits & More",Dates & Seeds,Nourish You,Nutrivative Foods Pvt Ltd,b5e206a7-39f2-49ce-b787-e107e9d8f8af,1
Panipat,Nourish You Antioxidant Boost 7 in 1 Super Seed Mix 100.0 GRAM,5b8fc10e-bd36-4768-8fc1-5b8bcf66ac73,8908005459989,"Masala, Dry Fruits & More",Dates & Seeds,Nourish You,Nutrivative Foods Pvt Ltd,b5e206a7-39f2-49ce-b787-e107e9d8f8af,4
Dehradun,Nourish You Antioxidant Boost 7 in 1 Super Seed Mix 100.0 GRAM,5b8fc10e-bd36-4768-8fc1-5b8bcf66ac73,8908005459989,"Masala, Dry Fruits & More",Dates & Seeds,Nourish You,Nutrivative Foods Pvt Ltd,b5e206a7-39f2-49ce-b787-e107e9d8f8af,3
Vadodra,Nourish You Antioxidant Boost 7 in 1 Super Seed Mix 100.0 GRAM,5b8fc10e-bd36-4768-8fc1-5b8bcf66ac73,8908005459989,"Masala, Dry Fruits & More",Dates & Seeds,Nourish You,Nutrivative Foods Pvt Ltd,b5e206a7-39f2-49ce-b787-e107e9d8f8af,2
Ahmedabad,Nourish You Antioxidant Boost 7 in 1 Super Seed Mix 100.0 GRAM,5b8fc10e-bd36-4768-8fc1-5b8bcf66ac73,8908005459989,"Masala, Dry Fruits & More",Dates & Seeds,Nourish You,Nutrivative Foods Pvt Ltd,b5e206a7-39f2-49ce-b787-e107e9d8f8af,2
Hyderabad,Nourish You Antioxidant Boost 7 in 1 Super Seed Mix 100.0 GRAM,5b8fc10e-bd36-4768-8fc1-5b8bcf66ac73,8908005459989,"Masala, Dry Fruits & More",Dates & Seeds,Nourish You,Nutrivative Foods Pvt Ltd,b5e206a7-39f2-49ce-b787-e107e9d8f8af,3
Mumbai,Nourish You Chia Seeds Truly Clean Chia Seeds for Eating 250.0 GRAM,fc2f8665-c9cf-48bf-8aca-609f7d500e51,8908005459828,"Masala, Dry Fruits & More",Dates & Seeds,Nourish You,Nutrivative Foods Pvt Ltd,b5e206a7-39f2-49ce-b787-e107e9d8f8af,197
Faridabad,Nourish You Chia Seeds Truly Clean Chia Seeds for Eating 250.0 GRAM,fc2f8665-c9cf-48bf-8aca-609f7d500e51,8908005459828,"Masala, Dry Fruits & More",Dates & Seeds,Nourish You,Nutrivative Foods Pvt Ltd,b5e206a7-39f2-49ce-b787-e107e9d8f8af,36
Prayagraj,Nourish You Raw Watermelon Seeds | Kernels 250.0 GRAM,2c997eb9-08ed-4b29-8ca1-85c1c994afcc,8908022410031,"Masala, Dry Fruits & More",Dates & Seeds,Nourish You,Nutrivative Foods Pvt Ltd,b5e206a7-39f2-49ce-b787-e107e9d8f8af,2
Davanagere,Nourish You Raw Watermelon Seeds | Kernels 250.0 GRAM,2c997eb9-08ed-4b29-8ca1-85c1c994afcc,8908022410031,"Masala, Dry Fruits & More",Dates & Seeds,Nourish You,Nutrivative Foods Pvt Ltd,b5e206a7-39f2-49ce-b787-e107e9d8f8af,3
Palakkad,Nourish You Raw Watermelon Seeds | Kernels 250.0 GRAM,2c997eb9-08ed-4b29-8ca1-85c1c994afcc,8908022410031,"Masala, Dry Fruits & More",Dates & Seeds,Nourish You,Nutrivative Foods Pvt Ltd,b5e206a7-39f2-49ce-b787-e107e9d8f8af,2
Patiala,Nourish You Raw Watermelon Seeds | Kernels 250.0 GRAM,2c997eb9-08ed-4b29-8ca1-85c1c994afcc,8908022410031,"Masala, Dry Fruits & More",Dates & Seeds,Nourish You,Nutrivative Foods Pvt Ltd,b5e206a7-39f2-49ce-b787-e107e9d8f8af,6
Kurukshetra,Nourish You Raw Watermelon Seeds | Kernels 250.0 GRAM,2c997eb9-08ed-4b29-8ca1-85c1c994afcc,8908022410031,"Masala, Dry Fruits & More",Dates & Seeds,Nourish You,Nutrivative Foods Pvt Ltd,b5e206a7-39f2-49ce-b787-e107e9d8f8af,3
Vadodra,Nourish You Raw Watermelon Seeds | Kernels 250.0 GRAM,2c997eb9-08ed-4b29-8ca1-85c1c994afcc,8908022410031,"Masala, Dry Fruits & More",Dates & Seeds,Nourish You,Nutrivative Foods Pvt Ltd,b5e206a7-39f2-49ce-b787-e107e9d8f8af,2
Karnal,Nourish You Raw Watermelon Seeds | Kernels 250.0 GRAM,2c997eb9-08ed-4b29-8ca1-85c1c994afcc,8908022410031,"Masala, Dry Fruits & More",Dates & Seeds,Nourish You,Nutrivative Foods Pvt Ltd,b5e206a7-39f2-49ce-b787-e107e9d8f8af,3
Bareilly,Nourish You Raw Watermelon Seeds | Kernels 250.0 GRAM,2c997eb9-08ed-4b29-8ca1-85c1c994afcc,8908022410031,"Masala, Dry Fruits & More",Dates & Seeds,Nourish You,Nutrivative Foods Pvt Ltd,b5e206a7-39f2-49ce-b787-e107e9d8f8af,1
Agra,Nourish You Raw Watermelon Seeds | Kernels 250.0 GRAM,2c997eb9-08ed-4b29-8ca1-85c1c994afcc,8908022410031,"Masala, Dry Fruits & More",Dates & Seeds,Nourish You,Nutrivative Foods Pvt Ltd,b5e206a7-39f2-49ce-b787-e107e9d8f8af,2
Faridabad,Nourish You Raw Watermelon Seeds | Kernels 250.0 GRAM,2c997eb9-08ed-4b29-8ca1-85c1c994afcc,8908022410031,"Masala, Dry Fruits & More",Dates & Seeds,Nourish You,Nutrivative Foods Pvt Ltd,b5e206a7-39f2-49ce-b787-e107e9d8f8af,1
Ghaziabad,Nourish You Raw Watermelon Seeds | Kernels 250.0 GRAM,2c997eb9-08ed-4b29-8ca1-85c1c994afcc,8908022410031,"Masala, Dry Fruits & More",Dates & Seeds,Nourish You,Nutrivative Foods Pvt Ltd,b5e206a7-39f2-49ce-b787-e107e9d8f8af,5
Nagpur,Nourish You Raw Watermelon Seeds | Kernels 250.0 GRAM,2c997eb9-08ed-4b29-8ca1-85c1c994afcc,8908022410031,"Masala, Dry Fruits & More",Dates & Seeds,Nourish You,Nutrivative Foods Pvt Ltd,b5e206a7-39f2-49ce-b787-e107e9d8f8af,2
Rajkot,Nourish You Raw Watermelon Seeds | Kernels 250.0 GRAM,2c997eb9-08ed-4b29-8ca1-85c1c994afcc,8908022410031,"Masala, Dry Fruits & More",Dates & Seeds,Nourish You,Nutrivative Foods Pvt Ltd,b5e206a7-39f2-49ce-b787-e107e9d8f8af,2
Haridwar,Nourish You Raw Watermelon Seeds | Kernels 250.0 GRAM,2c997eb9-08ed-4b29-8ca1-85c1c994afcc,8908022410031,"Masala, Dry Fruits & More",Dates & Seeds,Nourish You,Nutrivative Foods Pvt Ltd,b5e206a7-39f2-49ce-b787-e107e9d8f8af,3
SAS Nagar,Nourish You Raw Watermelon Seeds | Kernels 250.0 GRAM,2c997eb9-08ed-4b29-8ca1-85c1c994afcc,8908022410031,"Masala, Dry Fruits & More",Dates & Seeds,Nourish You,Nutrivative Foods Pvt Ltd,b5e206a7-39f2-49ce-b787-e107e9d8f8af,3
Kanpur,Nourish You Raw Chia Seeds 500.0 GRAM,e656030c-27e2-400f-baa8-2ab8ea1c3cc6,8908005459095,"Masala, Dry Fruits & More",Dates & Seeds,Nourish You,Nutrivative Foods Pvt Ltd,b5e206a7-39f2-49ce-b787-e107e9d8f8af,2
Indore,Nourish You Raw Chia Seeds 500.0 GRAM,e656030c-27e2-400f-baa8-2ab8ea1c3cc6,8908005459095,"Masala, Dry Fruits & More",Dates & Seeds,Nourish You,Nutrivative Foods Pvt Ltd,b5e206a7-39f2-49ce-b787-e107e9d8f8af,1
Amritsar,Nourish You Raw Chia Seeds 500.0 GRAM,e656030c-27e2-400f-baa8-2ab8ea1c3cc6,8908005459095,"Masala, Dry Fruits & More",Dates & Seeds,Nourish You,Nutrivative Foods Pvt Ltd,b5e206a7-39f2-49ce-b787-e107e9d8f8af,5
Ambala,Nourish You Raw Chia Seeds 500.0 GRAM,e656030c-27e2-400f-baa8-2ab8ea1c3cc6,8908005459095,"Masala, Dry Fruits & More",Dates & Seeds,Nourish You,Nutrivative Foods Pvt Ltd,b5e206a7-39f2-49ce-b787-e107e9d8f8af,3
Jhajjar,Nourish You Raw Chia Seeds 500.0 GRAM,e656030c-27e2-400f-baa8-2ab8ea1c3cc6,8908005459095,"Masala, Dry Fruits & More",Dates & Seeds,Nourish You,Nutrivative Foods Pvt Ltd,b5e206a7-39f2-49ce-b787-e107e9d8f8af,278
Vadodra,Nourish You Raw Chia Seeds 500.0 GRAM,e656030c-27e2-400f-baa8-2ab8ea1c3cc6,8908005459095,"Masala, Dry Fruits & More",Dates & Seeds,Nourish You,Nutrivative Foods Pvt Ltd,b5e206a7-39f2-49ce-b787-e107e9d8f8af,3
Gurugram,Nourish You Raw Chia Seeds 500.0 GRAM,e656030c-27e2-400f-baa8-2ab8ea1c3cc6,8908005459095,"Masala, Dry Fruits & More",Dates & Seeds,Nourish You,Nutrivative Foods Pvt Ltd,b5e206a7-39f2-49ce-b787-e107e9d8f8af,12
Mumbai,Nourish You Quinoa 500.0 GRAM,fa9607da-efd5-4768-afaf-f2f698d9ddd4,8908005459804,"Atta, Rice, Oil & Dals",Rice & More,Nourish You,Nutrivative Foods Pvt Ltd,b5e206a7-39f2-49ce-b787-e107e9d8f8af,71
Jhajjar,Nourish You Quinoa 500.0 GRAM,fa9607da-efd5-4768-afaf-f2f698d9ddd4,8908005459804,"Atta, Rice, Oil & Dals",Rice & More,Nourish You,Nutrivative Foods Pvt Ltd,b5e206a7-39f2-49ce-b787-e107e9d8f8af,240
Faridabad,Nourish You Quinoa 500.0 GRAM,fa9607da-efd5-4768-afaf-f2f698d9ddd4,8908005459804,"Atta, Rice, Oil & Dals",Rice & More,Nourish You,Nutrivative Foods Pvt Ltd,b5e206a7-39f2-49ce-b787-e107e9d8f8af,257
Pune,Nourish You Quinoa 500.0 GRAM,fa9607da-efd5-4768-afaf-f2f698d9ddd4,8908005459804,"Atta, Rice, Oil & Dals",Rice & More,Nourish You,Nutrivative Foods Pvt Ltd,b5e206a7-39f2-49ce-b787-e107e9d8f8af,51
Bengaluru,Nourish You Quinoa 500.0 GRAM,fa9607da-efd5-4768-afaf-f2f698d9ddd4,8908005459804,"Atta, Rice, Oil & Dals",Rice & More,Nourish You,Nutrivative Foods Pvt Ltd,b5e206a7-39f2-49ce-b787-e107e9d8f8af,30
Pune,Nourish You Antioxidant Boost 7 in 1 Super Seed Mix 100.0 GRAM,5b8fc10e-bd36-4768-8fc1-5b8bcf66ac73,8908005459989,"Masala, Dry Fruits & More",Dates & Seeds,Nourish You,Nutrivative Foods Pvt Ltd,b5e206a7-39f2-49ce-b787-e107e9d8f8af,1
Gurugram,Nourish You Antioxidant Boost 7 in 1 Super Seed Mix 100.0 GRAM,5b8fc10e-bd36-4768-8fc1-5b8bcf66ac73,8908005459989,"Masala, Dry Fruits & More",Dates & Seeds,Nourish You,Nutrivative Foods Pvt Ltd,b5e206a7-39f2-49ce-b787-e107e9d8f8af,1
Hubballi,Nourish You Antioxidant Boost 7 in 1 Super Seed Mix 100.0 GRAM,5b8fc10e-bd36-4768-8fc1-5b8bcf66ac73,8908005459989,"Masala, Dry Fruits & More",Dates & Seeds,Nourish You,Nutrivative Foods Pvt Ltd,b5e206a7-39f2-49ce-b787-e107e9d8f8af,2
Chennai,Nourish You Antioxidant Boost 7 in 1 Super Seed Mix 100.0 GRAM,5b8fc10e-bd36-4768-8fc1-5b8bcf66ac73,8908005459989,"Masala, Dry Fruits & More",Dates & Seeds,Nourish You,Nutrivative Foods Pvt Ltd,b5e206a7-39f2-49ce-b787-e107e9d8f8af,38
Ghaziabad,Nourish You Chia Seeds Truly Clean Chia Seeds for Eating 250.0 GRAM,fc2f8665-c9cf-48bf-8aca-609f7d500e51,8908005459828,"Masala, Dry Fruits & More",Dates & Seeds,Nourish You,Nutrivative Foods Pvt Ltd,b5e206a7-39f2-49ce-b787-e107e9d8f8af,36
Chennai,Nourish You Chia Seeds Truly Clean Chia Seeds for Eating 250.0 GRAM,fc2f8665-c9cf-48bf-8aca-609f7d500e51,8908005459828,"Masala, Dry Fruits & More",Dates & Seeds,Nourish You,Nutrivative Foods Pvt Ltd,b5e206a7-39f2-49ce-b787-e107e9d8f8af,2
Lucknow,Nourish You Raw Watermelon Seeds | Kernels 250.0 GRAM,2c997eb9-08ed-4b29-8ca1-85c1c994afcc,8908022410031,"Masala, Dry Fruits & More",Dates & Seeds,Nourish You,Nutrivative Foods Pvt Ltd,b5e206a7-39f2-49ce-b787-e107e9d8f8af,2
Jhajjar,Nourish You Raw Watermelon Seeds | Kernels 250.0 GRAM,2c997eb9-08ed-4b29-8ca1-85c1c994afcc,8908022410031,"Masala, Dry Fruits & More",Dates & Seeds,Nourish You,Nutrivative Foods Pvt Ltd,b5e206a7-39f2-49ce-b787-e107e9d8f8af,167
Amritsar,Nourish You Raw Watermelon Seeds | Kernels 250.0 GRAM,2c997eb9-08ed-4b29-8ca1-85c1c994afcc,8908022410031,"Masala, Dry Fruits & More",Dates & Seeds,Nourish You,Nutrivative Foods Pvt Ltd,b5e206a7-39f2-49ce-b787-e107e9d8f8af,3
Ambala,Nourish You Raw Watermelon Seeds | Kernels 250.0 GRAM,2c997eb9-08ed-4b29-8ca1-85c1c994afcc,8908022410031,"Masala, Dry Fruits & More",Dates & Seeds,Nourish You,Nutrivative Foods Pvt Ltd,b5e206a7-39f2-49ce-b787-e107e9d8f8af,3
Belgavi,Nourish You Raw Watermelon Seeds | Kernels 250.0 GRAM,2c997eb9-08ed-4b29-8ca1-85c1c994afcc,8908022410031,"Masala, Dry Fruits & More",Dates & Seeds,Nourish You,Nutrivative Foods Pvt Ltd,b5e206a7-39f2-49ce-b787-e107e9d8f8af,3
Ahmedabad,Nourish You Raw Watermelon Seeds | Kernels 250.0 GRAM,2c997eb9-08ed-4b29-8ca1-85c1c994afcc,8908022410031,"Masala, Dry Fruits & More",Dates & Seeds,Nourish You,Nutrivative Foods Pvt Ltd,b5e206a7-39f2-49ce-b787-e107e9d8f8af,5
Nashik,Nourish You Raw Watermelon Seeds | Kernels 250.0 GRAM,2c997eb9-08ed-4b29-8ca1-85c1c994afcc,8908022410031,"Masala, Dry Fruits & More",Dates & Seeds,Nourish You,Nutrivative Foods Pvt Ltd,b5e206a7-39f2-49ce-b787-e107e9d8f8af,5
Dehradun,Nourish You Raw Watermelon Seeds | Kernels 250.0 GRAM,2c997eb9-08ed-4b29-8ca1-85c1c994afcc,8908022410031,"Masala, Dry Fruits & More",Dates & Seeds,Nourish You,Nutrivative Foods Pvt Ltd,b5e206a7-39f2-49ce-b787-e107e9d8f8af,6
Hubballi,Nourish You Raw Watermelon Seeds | Kernels 250.0 GRAM,2c997eb9-08ed-4b29-8ca1-85c1c994afcc,8908022410031,"Masala, Dry Fruits & More",Dates & Seeds,Nourish You,Nutrivative Foods Pvt Ltd,b5e206a7-39f2-49ce-b787-e107e9d8f8af,3
Jalandhar,Nourish You Raw Watermelon Seeds | Kernels 250.0 GRAM,2c997eb9-08ed-4b29-8ca1-85c1c994afcc,8908022410031,"Masala, Dry Fruits & More",Dates & Seeds,Nourish You,Nutrivative Foods Pvt Ltd,b5e206a7-39f2-49ce-b787-e107e9d8f8af,4
Gurugram,Nourish You Raw Watermelon Seeds | Kernels 250.0 GRAM,2c997eb9-08ed-4b29-8ca1-85c1c994afcc,8908022410031,"Masala, Dry Fruits & More",Dates & Seeds,Nourish You,Nutrivative Foods Pvt Ltd,b5e206a7-39f2-49ce-b787-e107e9d8f8af,13
Dehradun,Nourish You Raw Chia Seeds 500.0 GRAM,e656030c-27e2-400f-baa8-2ab8ea1c3cc6,8908005459095,"Masala, Dry Fruits & More",Dates & Seeds,Nourish You,Nutrivative Foods Pvt Ltd,b5e206a7-39f2-49ce-b787-e107e9d8f8af,16
Noida,Nourish You Quinoa 500.0 GRAM,fa9607da-efd5-4768-afaf-f2f698d9ddd4,8908005459804,"Atta, Rice, Oil & Dals",Rice & More,Nourish You,Nutrivative Foods Pvt Ltd,b5e206a7-39f2-49ce-b787-e107e9d8f8af,2
Chennai,Nourish You Quinoa 500.0 GRAM,fa9607da-efd5-4768-afaf-f2f698d9ddd4,8908005459804,"Atta, Rice, Oil & Dals",Rice & More,Nourish You,Nutrivative Foods Pvt Ltd,b5e206a7-39f2-49ce-b787-e107e9d8f8af,323
Hyderabad,Nourish You Quinoa 500.0 GRAM,fa9607da-efd5-4768-afaf-f2f698d9ddd4,8908005459804,"Atta, Rice, Oil & Dals",Rice & More,Nourish You,Nutrivative Foods Pvt Ltd,b5e206a7-39f2-49ce-b787-e107e9d8f8af,16
Jalandhar,Nourish You Antioxidant Boost 7 in 1 Super Seed Mix 100.0 GRAM,5b8fc10e-bd36-4768-8fc1-5b8bcf66ac73,8908005459989,"Masala, Dry Fruits & More",Dates & Seeds,Nourish You,Nutrivative Foods Pvt Ltd,b5e206a7-39f2-49ce-b787-e107e9d8f8af,2
Belgavi,Nourish You Antioxidant Boost 7 in 1 Super Seed Mix 100.0 GRAM,5b8fc10e-bd36-4768-8fc1-5b8bcf66ac73,8908005459989,"Masala, Dry Fruits & More",Dates & Seeds,Nourish You,Nutrivative Foods Pvt Ltd,b5e206a7-39f2-49ce-b787-e107e9d8f8af,1
Faridabad,Nourish You Antioxidant Boost 7 in 1 Super Seed Mix 100.0 GRAM,5b8fc10e-bd36-4768-8fc1-5b8bcf66ac73,8908005459989,"Masala, Dry Fruits & More",Dates & Seeds,Nourish You,Nutrivative Foods Pvt Ltd,b5e206a7-39f2-49ce-b787-e107e9d8f8af,0
Jhajjar,Nourish You Antioxidant Boost 7 in 1 Super Seed Mix 100.0 GRAM,5b8fc10e-bd36-4768-8fc1-5b8bcf66ac73,8908005459989,"Masala, Dry Fruits & More",Dates & Seeds,Nourish You,Nutrivative Foods Pvt Ltd,b5e206a7-39f2-49ce-b787-e107e9d8f8af,5
Patiala,Nourish You Antioxidant Boost 7 in 1 Super Seed Mix 100.0 GRAM,5b8fc10e-bd36-4768-8fc1-5b8bcf66ac73,8908005459989,"Masala, Dry Fruits & More",Dates & Seeds,Nourish You,Nutrivative Foods Pvt Ltd,b5e206a7-39f2-49ce-b787-e107e9d8f8af,1
Nagpur,Nourish You Antioxidant Boost 7 in 1 Super Seed Mix 100.0 GRAM,5b8fc10e-bd36-4768-8fc1-5b8bcf66ac73,8908005459989,"Masala, Dry Fruits & More",Dates & Seeds,Nourish You,Nutrivative Foods Pvt Ltd,b5e206a7-39f2-49ce-b787-e107e9d8f8af,0
Noida,Nourish You Chia Seeds Truly Clean Chia Seeds for Eating 250.0 GRAM,fc2f8665-c9cf-48bf-8aca-609f7d500e51,8908005459828,"Masala, Dry Fruits & More",Dates & Seeds,Nourish You,Nutrivative Foods Pvt Ltd,b5e206a7-39f2-49ce-b787-e107e9d8f8af,42
Gurugram,Nourish You Chia Seeds Truly Clean Chia Seeds for Eating 250.0 GRAM,fc2f8665-c9cf-48bf-8aca-609f7d500e51,8908005459828,"Masala, Dry Fruits & More",Dates & Seeds,Nourish You,Nutrivative Foods Pvt Ltd,b5e206a7-39f2-49ce-b787-e107e9d8f8af,172
Bengaluru,Nourish You Raw Watermelon Seeds | Kernels 250.0 GRAM,2c997eb9-08ed-4b29-8ca1-85c1c994afcc,8908022410031,"Masala, Dry Fruits & More",Dates & Seeds,Nourish You,Nutrivative Foods Pvt Ltd,b5e206a7-39f2-49ce-b787-e107e9d8f8af,144
Delhi,Nourish You Raw Watermelon Seeds | Kernels 250.0 GRAM,2c997eb9-08ed-4b29-8ca1-85c1c994afcc,8908022410031,"Masala, Dry Fruits & More",Dates & Seeds,Nourish You,Nutrivative Foods Pvt Ltd,b5e206a7-39f2-49ce-b787-e107e9d8f8af,13
Mysuru,Nourish You Raw Watermelon Seeds | Kernels 250.0 GRAM,2c997eb9-08ed-4b29-8ca1-85c1c994afcc,8908022410031,"Masala, Dry Fruits & More",Dates & Seeds,Nourish You,Nutrivative Foods Pvt Ltd,b5e206a7-39f2-49ce-b787-e107e9d8f8af,6
Mumbai,Nourish You Raw Watermelon Seeds | Kernels 250.0 GRAM,2c997eb9-08ed-4b29-8ca1-85c1c994afcc,8908022410031,"Masala, Dry Fruits & More",Dates & Seeds,Nourish You,Nutrivative Foods Pvt Ltd,b5e206a7-39f2-49ce-b787-e107e9d8f8af,149
Sonipat,Nourish You Raw Watermelon Seeds | Kernels 250.0 GRAM,2c997eb9-08ed-4b29-8ca1-85c1c994afcc,8908022410031,"Masala, Dry Fruits & More",Dates & Seeds,Nourish You,Nutrivative Foods Pvt Ltd,b5e206a7-39f2-49ce-b787-e107e9d8f8af,6
Karimnagar,Nourish You Raw Watermelon Seeds | Kernels 250.0 GRAM,2c997eb9-08ed-4b29-8ca1-85c1c994afcc,8908022410031,"Masala, Dry Fruits & More",Dates & Seeds,Nourish You,Nutrivative Foods Pvt Ltd,b5e206a7-39f2-49ce-b787-e107e9d8f8af,1
Madurai,Nourish You Raw Watermelon Seeds | Kernels 250.0 GRAM,2c997eb9-08ed-4b29-8ca1-85c1c994afcc,8908022410031,"Masala, Dry Fruits & More",Dates & Seeds,Nourish You,Nutrivative Foods Pvt Ltd,b5e206a7-39f2-49ce-b787-e107e9d8f8af,1
Warangal,Nourish You Raw Watermelon Seeds | Kernels 250.0 GRAM,2c997eb9-08ed-4b29-8ca1-85c1c994afcc,8908022410031,"Masala, Dry Fruits & More",Dates & Seeds,Nourish You,Nutrivative Foods Pvt Ltd,b5e206a7-39f2-49ce-b787-e107e9d8f8af,2
Kanpur,Nourish You Raw Watermelon Seeds | Kernels 250.0 GRAM,2c997eb9-08ed-4b29-8ca1-85c1c994afcc,8908022410031,"Masala, Dry Fruits & More",Dates & Seeds,Nourish You,Nutrivative Foods Pvt Ltd,b5e206a7-39f2-49ce-b787-e107e9d8f8af,1
Jaipur,Nourish You Raw Watermelon Seeds | Kernels 250.0 GRAM,2c997eb9-08ed-4b29-8ca1-85c1c994afcc,8908022410031,"Masala, Dry Fruits & More",Dates & Seeds,Nourish You,Nutrivative Foods Pvt Ltd,b5e206a7-39f2-49ce-b787-e107e9d8f8af,9
Delhi,Nourish You Raw Chia Seeds 500.0 GRAM,e656030c-27e2-400f-baa8-2ab8ea1c3cc6,8908005459095,"Masala, Dry Fruits & More",Dates & Seeds,Nourish You,Nutrivative Foods Pvt Ltd,b5e206a7-39f2-49ce-b787-e107e9d8f8af,21
Surat,Nourish You Raw Chia Seeds 500.0 GRAM,e656030c-27e2-400f-baa8-2ab8ea1c3cc6,8908005459095,"Masala, Dry Fruits & More",Dates & Seeds,Nourish You,Nutrivative Foods Pvt Ltd,b5e206a7-39f2-49ce-b787-e107e9d8f8af,0
Hyderabad,Nourish You Raw Chia Seeds 500.0 GRAM,e656030c-27e2-400f-baa8-2ab8ea1c3cc6,8908005459095,"Masala, Dry Fruits & More",Dates & Seeds,Nourish You,Nutrivative Foods Pvt Ltd,b5e206a7-39f2-49ce-b787-e107e9d8f8af,10
Noida,Nourish You Raw Chia Seeds 500.0 GRAM,e656030c-27e2-400f-baa8-2ab8ea1c3cc6,8908005459095,"Masala, Dry Fruits & More",Dates & Seeds,Nourish You,Nutrivative Foods Pvt Ltd,b5e206a7-39f2-49ce-b787-e107e9d8f8af,12
Jaipur,Nourish You Raw Chia Seeds 500.0 GRAM,e656030c-27e2-400f-baa8-2ab8ea1c3cc6,8908005459095,"Masala, Dry Fruits & More",Dates & Seeds,Nourish You,Nutrivative Foods Pvt Ltd,b5e206a7-39f2-49ce-b787-e107e9d8f8af,8
Pune,Nourish You Raw Chia Seeds 500.0 GRAM,e656030c-27e2-400f-baa8-2ab8ea1c3cc6,8908005459095,"Masala, Dry Fruits & More",Dates & Seeds,Nourish You,Nutrivative Foods Pvt Ltd,b5e206a7-39f2-49ce-b787-e107e9d8f8af,17
Jalandhar,Nourish You Raw Chia Seeds 500.0 GRAM,e656030c-27e2-400f-baa8-2ab8ea1c3cc6,8908005459095,"Masala, Dry Fruits & More",Dates & Seeds,Nourish You,Nutrivative Foods Pvt Ltd,b5e206a7-39f2-49ce-b787-e107e9d8f8af,2
Patiala,Nourish You Raw Chia Seeds 500.0 GRAM,e656030c-27e2-400f-baa8-2ab8ea1c3cc6,8908005459095,"Masala, Dry Fruits & More",Dates & Seeds,Nourish You,Nutrivative Foods Pvt Ltd,b5e206a7-39f2-49ce-b787-e107e9d8f8af,5
Kolkata,Nourish You Raw Chia Seeds 500.0 GRAM,e656030c-27e2-400f-baa8-2ab8ea1c3cc6,8908005459095,"Masala, Dry Fruits & More",Dates & Seeds,Nourish You,Nutrivative Foods Pvt Ltd,b5e206a7-39f2-49ce-b787-e107e9d8f8af,2
Ghaziabad,Nourish You Quinoa 500.0 GRAM,fa9607da-efd5-4768-afaf-f2f698d9ddd4,8908005459804,"Atta, Rice, Oil & Dals",Rice & More,Nourish You,Nutrivative Foods Pvt Ltd,b5e206a7-39f2-49ce-b787-e107e9d8f8af,0
Gurugram,Nourish You Flax Seeds - Alsi Seeds | Truly Organic Flax Seeds for Hair Growth 250.0 GRAM,72e2abc7-9612-4da5-bd15-e66d1a94a67f,8908022410048,"Masala, Dry Fruits & More",Dates & Seeds,Nourish You,Nutrivative Foods Pvt Ltd,b5e206a7-39f2-49ce-b787-e107e9d8f8af,7
Faridabad,Nourish You Flax Seeds - Alsi Seeds | Truly Organic Flax Seeds for Hair Growth 250.0 GRAM,72e2abc7-9612-4da5-bd15-e66d1a94a67f,8908022410048,"Masala, Dry Fruits & More",Dates & Seeds,Nourish You,Nutrivative Foods Pvt Ltd,b5e206a7-39f2-49ce-b787-e107e9d8f8af,0
Mumbai,Nourish You Flax Seeds - Alsi Seeds | Truly Organic Flax Seeds for Hair Growth 250.0 GRAM,72e2abc7-9612-4da5-bd15-e66d1a94a67f,8908022410048,"Masala, Dry Fruits & More",Dates & Seeds,Nourish You,Nutrivative Foods Pvt Ltd,b5e206a7-39f2-49ce-b787-e107e9d8f8af,198
Delhi,Nourish You Flax Seeds - Alsi Seeds | Truly Organic Flax Seeds for Hair Growth 250.0 GRAM,72e2abc7-9612-4da5-bd15-e66d1a94a67f,8908022410048,"Masala, Dry Fruits & More",Dates & Seeds,Nourish You,Nutrivative Foods Pvt Ltd,b5e206a7-39f2-49ce-b787-e107e9d8f8af,9
Pune,Nourish You Flax Seeds - Alsi Seeds | Truly Organic Flax Seeds for Hair Growth 250.0 GRAM,72e2abc7-9612-4da5-bd15-e66d1a94a67f,8908022410048,"Masala, Dry Fruits & More",Dates & Seeds,Nourish You,Nutrivative Foods Pvt Ltd,b5e206a7-39f2-49ce-b787-e107e9d8f8af,6
Hyderabad,Nourish You Plant Based Milk - Chocolate 200.0 MILLILITRE,6f369cf5-5f44-420f-a07c-2855dd4df71e,8908005459798,Cold Drinks & Juices,Vegan Drinks,Nourish You,Nutrivative Foods Pvt Ltd,b5e206a7-39f2-49ce-b787-e107e9d8f8af,1
Kolkata,Nourish You Pumpkin Seeds 250.0 GRAM,42f063c0-f709-4837-92be-2841bd46298a,,"Masala, Dry Fruits & More",Dates & Seeds,Nourish You,Nutrivative Foods Pvt Ltd,b5e206a7-39f2-49ce-b787-e107e9d8f8af,6
Mumbai,Nourish You Plant Based Milk - Chocolate 200.0 MILLILITRE,6f369cf5-5f44-420f-a07c-2855dd4df71e,8908005459798,Cold Drinks & Juices,Vegan Drinks,Nourish You,Nutrivative Foods Pvt Ltd,b5e206a7-39f2-49ce-b787-e107e9d8f8af,2
Hyderabad,Nourish You Pumpkin Seeds 250.0 GRAM,42f063c0-f709-4837-92be-2841bd46298a,,"Masala, Dry Fruits & More",Dates & Seeds,Nourish You,Nutrivative Foods Pvt Ltd,b5e206a7-39f2-49ce-b787-e107e9d8f8af,21
Bengaluru,NOURISH YOU Organic Pumpkin Seeds 100.0 GRAM,632214d2-54cb-416d-8839-0578e3efe662,8908005459132,"Masala, Dry Fruits & More",Dates & Seeds,Nourish You,Nutrivative Foods Pvt Ltd,b5e206a7-39f2-49ce-b787-e107e9d8f8af,307
Bengaluru,Nourish You Flax Seeds - Alsi Seeds | Truly Organic Flax Seeds for Hair Growth 250.0 GRAM,72e2abc7-9612-4da5-bd15-e66d1a94a67f,8908022410048,"Masala, Dry Fruits & More",Dates & Seeds,Nourish You,Nutrivative Foods Pvt Ltd,b5e206a7-39f2-49ce-b787-e107e9d8f8af,109
Chennai,Nourish You Flax Seeds - Alsi Seeds | Truly Organic Flax Seeds for Hair Growth 250.0 GRAM,72e2abc7-9612-4da5-bd15-e66d1a94a67f,8908022410048,"Masala, Dry Fruits & More",Dates & Seeds,Nourish You,Nutrivative Foods Pvt Ltd,b5e206a7-39f2-49ce-b787-e107e9d8f8af,74
Pune,Nourish You Pumpkin Seeds 250.0 GRAM,42f063c0-f709-4837-92be-2841bd46298a,,"Masala, Dry Fruits & More",Dates & Seeds,Nourish You,Nutrivative Foods Pvt Ltd,b5e206a7-39f2-49ce-b787-e107e9d8f8af,17
Gurugram,Nourish You Pumpkin Seeds 250.0 GRAM,42f063c0-f709-4837-92be-2841bd46298a,,"Masala, Dry Fruits & More",Dates & Seeds,Nourish You,Nutrivative Foods Pvt Ltd,b5e206a7-39f2-49ce-b787-e107e9d8f8af,4
Mumbai,Nourish You Pumpkin Seeds 250.0 GRAM,42f063c0-f709-4837-92be-2841bd46298a,,"Masala, Dry Fruits & More",Dates & Seeds,Nourish You,Nutrivative Foods Pvt Ltd,b5e206a7-39f2-49ce-b787-e107e9d8f8af,183
Ghaziabad,NOURISH YOU Organic Pumpkin Seeds 100.0 GRAM,632214d2-54cb-416d-8839-0578e3efe662,8908005459132,"Masala, Dry Fruits & More",Dates & Seeds,Nourish You,Nutrivative Foods Pvt Ltd,b5e206a7-39f2-49ce-b787-e107e9d8f8af,3
Kolkata,NOURISH YOU Organic Pumpkin Seeds 100.0 GRAM,632214d2-54cb-416d-8839-0578e3efe662,8908005459132,"Masala, Dry Fruits & More",Dates & Seeds,Nourish You,Nutrivative Foods Pvt Ltd,b5e206a7-39f2-49ce-b787-e107e9d8f8af,1
Noida,NOURISH YOU Organic Pumpkin Seeds 100.0 GRAM,632214d2-54cb-416d-8839-0578e3efe662,8908005459132,"Masala, Dry Fruits & More",Dates & Seeds,Nourish You,Nutrivative Foods Pvt Ltd,b5e206a7-39f2-49ce-b787-e107e9d8f8af,9
Ghaziabad,Nourish You Flax Seeds - Alsi Seeds | Truly Organic Flax Seeds for Hair Growth 250.0 GRAM,72e2abc7-9612-4da5-bd15-e66d1a94a67f,8908022410048,"Masala, Dry Fruits & More",Dates & Seeds,Nourish You,Nutrivative Foods Pvt Ltd,b5e206a7-39f2-49ce-b787-e107e9d8f8af,0
Ghaziabad,Nourish You Plant Based Milk - Chocolate 200.0 MILLILITRE,6f369cf5-5f44-420f-a07c-2855dd4df71e,8908005459798,Cold Drinks & Juices,Vegan Drinks,Nourish You,Nutrivative Foods Pvt Ltd,b5e206a7-39f2-49ce-b787-e107e9d8f8af,1
Bengaluru,Nourish You Pumpkin Seeds 250.0 GRAM,42f063c0-f709-4837-92be-2841bd46298a,,"Masala, Dry Fruits & More",Dates & Seeds,Nourish You,Nutrivative Foods Pvt Ltd,b5e206a7-39f2-49ce-b787-e107e9d8f8af,194
Mumbai,NOURISH YOU Organic Pumpkin Seeds 100.0 GRAM,632214d2-54cb-416d-8839-0578e3efe662,8908005459132,"Masala, Dry Fruits & More",Dates & Seeds,Nourish You,Nutrivative Foods Pvt Ltd,b5e206a7-39f2-49ce-b787-e107e9d8f8af,224
Pune,NOURISH YOU Organic Pumpkin Seeds 100.0 GRAM,632214d2-54cb-416d-8839-0578e3efe662,8908005459132,"Masala, Dry Fruits & More",Dates & Seeds,Nourish You,Nutrivative Foods Pvt Ltd,b5e206a7-39f2-49ce-b787-e107e9d8f8af,14
Chennai,NOURISH YOU Organic Pumpkin Seeds 100.0 GRAM,632214d2-54cb-416d-8839-0578e3efe662,8908005459132,"Masala, Dry Fruits & More",Dates & Seeds,Nourish You,Nutrivative Foods Pvt Ltd,b5e206a7-39f2-49ce-b787-e107e9d8f8af,151
Noida,Nourish You Flax Seeds - Alsi Seeds | Truly Organic Flax Seeds for Hair Growth 250.0 GRAM,72e2abc7-9612-4da5-bd15-e66d1a94a67f,8908022410048,"Masala, Dry Fruits & More",Dates & Seeds,Nourish You,Nutrivative Foods Pvt Ltd,b5e206a7-39f2-49ce-b787-e107e9d8f8af,6
Hyderabad,Nourish You Flax Seeds - Alsi Seeds | Truly Organic Flax Seeds for Hair Growth 250.0 GRAM,72e2abc7-9612-4da5-bd15-e66d1a94a67f,8908022410048,"Masala, Dry Fruits & More",Dates & Seeds,Nourish You,Nutrivative Foods Pvt Ltd,b5e206a7-39f2-49ce-b787-e107e9d8f8af,6
Jhajjar,Nourish You Flax Seeds - Alsi Seeds | Truly Organic Flax Seeds for Hair Growth 250.0 GRAM,72e2abc7-9612-4da5-bd15-e66d1a94a67f,8908022410048,"Masala, Dry Fruits & More",Dates & Seeds,Nourish You,Nutrivative Foods Pvt Ltd,b5e206a7-39f2-49ce-b787-e107e9d8f8af,182
Chennai,Nourish You Pumpkin Seeds 250.0 GRAM,42f063c0-f709-4837-92be-2841bd46298a,,"Masala, Dry Fruits & More",Dates & Seeds,Nourish You,Nutrivative Foods Pvt Ltd,b5e206a7-39f2-49ce-b787-e107e9d8f8af,119
Delhi,NOURISH YOU Organic Pumpkin Seeds 100.0 GRAM,632214d2-54cb-416d-8839-0578e3efe662,8908005459132,"Masala, Dry Fruits & More",Dates & Seeds,Nourish You,Nutrivative Foods Pvt Ltd,b5e206a7-39f2-49ce-b787-e107e9d8f8af,10
Hyderabad,NOURISH YOU Organic Pumpkin Seeds 100.0 GRAM,632214d2-54cb-416d-8839-0578e3efe662,8908005459132,"Masala, Dry Fruits & More",Dates & Seeds,Nourish You,Nutrivative Foods Pvt Ltd,b5e206a7-39f2-49ce-b787-e107e9d8f8af,15
Gurugram,NOURISH YOU Organic Pumpkin Seeds 100.0 GRAM,632214d2-54cb-416d-8839-0578e3efe662,8908005459132,"Masala, Dry Fruits & More",Dates & Seeds,Nourish You,Nutrivative Foods Pvt Ltd,b5e206a7-39f2-49ce-b787-e107e9d8f8af,9
Jhajjar,NOURISH YOU Organic Pumpkin Seeds 100.0 GRAM,632214d2-54cb-416d-8839-0578e3efe662,8908005459132,"Masala, Dry Fruits & More",Dates & Seeds,Nourish You,Nutrivative Foods Pvt Ltd,b5e206a7-39f2-49ce-b787-e107e9d8f8af,361
